<?xml version="1.0" encoding="UTF-8"?>
<project-private xmlns="http://www.netbeans.org/ns/project-private/1">
    <editor-bookmarks xmlns="http://www.netbeans.org/ns/editor-bookmarks/2" lastBookmarkId="0"/>
    <open-files xmlns="http://www.netbeans.org/ns/projectui-open-files/2">
        <group>
            <file>file:/C:/COLLEGE%20SUBJECTs/Fundamentals%20of%20Software%20Design%20and%20Development/ice1_cardgame/src/card/Card.java</file>
            <file>file:/C:/COLLEGE%20SUBJECTs/Fundamentals%20of%20Software%20Design%20and%20Development/ice1_cardgame/src/card/CardTrick.java</file>
            <file>file:/C:/COLLEGE%20SUBJECTs/Fundamentals%20of%20Software%20Design%20and%20Development/ice1_cardgame/.git/config</file>
        </group>
    </open-files>
</project-private>
